user,time,star,comment
TÃ¢n Tráº§n Thanh,"10 thÃ¡ng 1, 2022",1,Táº©y chay Ä‘Æ¡n vá»‹ váº­n chuyá»ƒn Sh**** express nÃ o Ä‘Æ¡n vá»‹ Ä‘Ã³ biáº¿n máº¥t thÃ¬ quay láº¡i dÃ¹ng. Má»i ngÆ°á»i sang app Lazada giao hÃ ng cá»±c nhanh
NPL,"10 thÃ¡ng 1, 2022",1,"Ãp hay bá»‹ Ä‘Æ¡ mÃ  cá»© pháº£i cáº­p nháº­t suá»‘t, khÃ´ng cÃ²n Ä‘Æ°á»£c chá»n Ä‘Æ¡n vá»‹ váº­n chuyá»ƒn ná»­a,chÃ¡n. shipper khÃ´ng chá»‹u giao hÃ ng tá»± há»§y Ä‘Æ¡n cÅ©ng cháº£ biáº¿t lÃ m sao"
NPL,"9 thÃ¡ng 1, 2022",1,TÃ´i ko thá»ƒ sá»­ dá»¥ng Ä‘c voucher gÃ¬ cáº£. Cá»© Ä‘á»ƒ Ä‘Æ¡n hÃ ng ko Ä‘á»§ Ä‘iá»u kiá»‡n:)? á»¦a mÃ¡ ngta mua trÃªn 100k lÃ  dÆ° rá»“i ko Ä‘á»§ Ä‘iá»u kiá»‡n lÃ  sao:)
6_DÃ¢n 8/9,"9 thÃ¡ng 1, 2022",2,"App cá»© bá»‹ gÃ¬ Ã½ bá»‹ lag mÃ  con cháº­m nx trong khi chuyá»ƒn qua app khac thÃ¬ bÃ¬nh thÆ°á»ng , lÃºc sÄƒn sasef lÃ  Ä‘Ãºng ká»‰u á»©c cháº¿ lun"
6_DÃ¢n 8/9,"8 thÃ¡ng 1, 2022",4,Táº©y chay Ä‘Æ¡n vá»‹ váº­n chuyá»ƒn Sh**** express nÃ o Ä‘Æ¡n vá»‹ Ä‘Ã³ biáº¿n máº¥t thÃ¬ quay láº¡i dÃ¹ng. Má»i ngÆ°á»i sang app Lazada giao hÃ ng cá»±c nhanh
Äáº±ng Tá»­,"8 thÃ¡ng 1, 2022",4,"Ãp hay bá»‹ Ä‘Æ¡ mÃ  cá»© pháº£i cáº­p nháº­t suá»‘t, khÃ´ng cÃ²n Ä‘Æ°á»£c chá»n Ä‘Æ¡n vá»‹ váº­n chuyá»ƒn ná»­a,chÃ¡n. shipper khÃ´ng chá»‹u giao hÃ ng tá»± há»§y Ä‘Æ¡n cÅ©ng cháº£ biáº¿t lÃ m sao"
Äáº±ng Tá»­,"9 thÃ¡ng 1, 2022",3,TÃ´i ko thá»ƒ sá»­ dá»¥ng Ä‘c voucher gÃ¬ cáº£. Cá»© Ä‘á»ƒ Ä‘Æ¡n hÃ ng ko Ä‘á»§ Ä‘iá»u kiá»‡n:)? á»¦a mÃ¡ ngta mua trÃªn 100k lÃ  dÆ° rá»“i ko Ä‘á»§ Ä‘iá»u kiá»‡n lÃ  sao:)
TÃ¢n Tráº§n Thanh,"10 thÃ¡ng 1, 2022",4,"App cá»© bá»‹ gÃ¬ Ã½ bá»‹ lag mÃ  con cháº­m nx trong khi chuyá»ƒn qua app khac thÃ¬ bÃ¬nh thÆ°á»ng , lÃºc sÄƒn sasef lÃ  Ä‘Ãºng ká»‰u á»©c cháº¿ lun"
NPL,"10 thÃ¡ng 1, 2022",4,Giao hÃ ng siÃªu lÃ¢u Ä‘áº·t Ä‘Æ¡n shop vÃ  Ä‘á»‹a chá»‰ cÃ¹ng trong ná»™i thÃ nh hÃ  ná»™i mÃ  10 ngÃ y chÆ°a giao. LiÃªn há»‡ há»— trá»£ thÃ¬ váº«n cÃ¢u thÃ´ng cáº£m Ä‘á»£i tiáº¿p
NPL,"9 thÃ¡ng 1, 2022",4,Sh**** dÃ¹ng nhiá»u lÃºc lag tá»©c muá»‘n xá»‰u Ä‘Ã£ tháº¿ nhiá»u lÃºc báº¯t cáº­p nháº­t thÃ¬ má»›i Ä‘c dÃ¹ng. Bh vd mÃ¡y háº¿t dung lÆ°á»£ng thÃ¬ k dÃ¹ng Ä‘c luÃ´n. Mong Sh**** cáº£i thiá»‡n tÃ¬nh tráº¡ng nÃ y
6_DÃ¢n 8/9,"9 thÃ¡ng 1, 2022",4,"Tá»± Ä‘á»™ng Ä‘iá»u phá»‘i váº­n chuyá»ƒn Ä‘Ã£ Ä‘Ã nh rá»“i cÃ²n vÃ o best ex KÃªnh váº­n chuyá»ƒn nhanh mÃ  lÃ m nhÆ° ngÆ°á»i ta khÃ´ng tráº£ tiá»n váº­y, cáº£ tuáº§n mÃ  cá»© chuyá»ƒn qua chuyá»ƒn láº¡i cÃ¡c kho."
6_DÃ¢n 8/9,"8 thÃ¡ng 1, 2022",4,Truy cáº­p vÃ o trang web ( ğ•ğ€ğ˜ğŸ—.ğ‚ğğŒ ) Ä‘á»ƒ Kiáº¿m tiá»n online miá»…n phÃ­ vÃ  Vay tiá»n Æ°u Ä‘Ã£i khÃ´ng lÃ£i suáº¥t nha
Äáº±ng Tá»­,"8 thÃ¡ng 1, 2022",4,Shoppe express quÃ¡ táº£i Ä‘Æ¡n ko cÃ³ nhÃ¢n viÃªn bá»‘c haÌ€ng laÌ€m cho Ä‘Æ¡n haÌ€ng cháº­m cáº£ tuáº§n váº­y mÃ  Shoppe coÌ€n tham lÃºc naÌ€o cuÌƒng máº·c Ä‘iÌ£nh Ä‘Æ¡n vá»‹ vÃ¢Ì£n chuyÃªÌ‰n lÃ  Shoppe express lÃ m cho ngÆ°á»i mua naÌ‰n ko cÃ²n muá»‘n Ä‘áº·t hÃ ng
Äáº±ng Tá»­,"9 thÃ¡ng 1, 2022",4,"App lá»—i nhiá»u, giá» mua hÃ ng ko cho chá»n Ä‘Æ¡n vá»‹ váº­n chuyá»ƒn, vÃ o trÃºng cÃ¡i Sh**** express lÃ  2 tuáº§n má»›i nháº­n Ä‘c hÃ ng dÃ¹ng ná»™i thÃ nh"
HoÃ ng Äáº·ng,"9 thÃ¡ng 1, 2022",3,"Nasa cho quÃ¡ trá»i cÃ¡i mÃ£ 50k ngÆ°á»i má»›i lÃ m ngta phÃ¡i phÃ¡i pháº£i chá»‘t Ä‘Æ¡n ngay vÃ  luÃ´n, ai dÃ¨ cÃ³ dÃ¹ng Ä‘Æ°á»£c cÃ¡i nÃ o Ä‘Ã¢u toÃ n bá»‹ lá»—i f06, kÃ¬ cá»¥c háº¿t nÃ³i ná»•i ğŸ˜¡ğŸ˜¡ğŸ˜¡ğŸ¤¬ğŸ¤¬ğŸ¤¬"
ngá»c tran,"8 thÃ¡ng 1, 2022",1,"Sh**** Express Ä‘Æ¡n giao tá»« Äá»‘ng Äa qua Báº¯c Tá»« LiÃªm mÃ  lÆ°u kho 3 ngÃ y, xuáº¥t kho 3 ngÃ y chÆ°a tháº¥y cáº­p nháº­t thÃªm tráº¡ng thÃ¡i"
Sang OFFICIAL CHANNEL,"8 thÃ¡ng 1, 2022",1,Shoper ship thÃ¬ máº¯c giao hÃ ng thÃ¬ lÃ¢u . App thÃ¬ Ä‘Æ¡ Ä‘á»©ng rá»“i vÄƒng luon . Vá»›i cÃ³ máº¥y mÃ£ giÃ£m giÃ¡ Ã¡p dá»¥ng xong ko thanh toÃ¡n Ä‘Æ°á»£c
Sang OFFICIAL CHANNEL,"8 thÃ¡ng 1, 2022",1,LÃ m Äƒn nhÆ° cc kho nÃ o cx giam hÃ ng Ä‘áº·t qq j tá»± há»§ Ä‘Æ¡n cá»§a ngt hoÃ i Ä‘áº·t khÃ¡c thÃ¬ tá»›i kho Ä‘á»£i cáº£ thÃ¡ng mÃºn há»§y láº¡i ko dc
Minh Nhá»±a,"8 thÃ¡ng 1, 2022",2,Em muá»‘n Sh**** lÃ m thÃªm cÃ¡i Ä‘Ã¡nh giÃ¡ shipper vÃ¬ cÃ³ gáº·p trÆ°á»ng há»£p shipper chÆ°a giao hÃ ng Ä‘Ã²i bank tiá»n trc rá»“i cÃ²n chá»­i cáº£ khÃ¡ch cÆ¡ áº¡ :)))
Minh Nhá»±a,"10 thÃ¡ng 1, 2022",1,Truy cáº­p vÃ o trang web ( ğ•ğ€ğ˜ğŸ—.ğ‚ğğŒ ) Ä‘á»ƒ Kiáº¿m tiá»n online miá»…n phÃ­ vÃ  Vay tiá»n Æ°u Ä‘Ã£i khÃ´ng lÃ£i suáº¥t nha
Thá»‹ Thanh Trá»‹nh,"9 thÃ¡ng 1, 2022",3,Shoee cáº§n ngÃ y cÃ ng tá»‡ mua máº¥y Ä‘Æ¡n bÃªn giao hÃ ng khÃ´ng ai gá»i cuá»™n nÃ o . mÃ  shoee láº¡i tá»± há»§y Ä‘Æ¡n .shoee cáº£ bÃªn giao hÃ ng nhanh lÃ m Äƒn nhÆ° quáº§n .
ã²ã‹ã‚‹Jartemis,"8 thÃ¡ng 1, 2022",2,á»©ng dá»¥ng sau báº£n cáº­p nháº­t hay bá»‹ lá»—i tá»± thoÃ¡t ra ráº¥t khÃ³ chá»‹u mong nhÃ  phÃ¡t hÃ nh sá»›m cáº£i thiá»‡n láº¡i
20_7A6_Nguyá»…n Tháº£o My,"8 thÃ¡ng 1, 2022",5,Tá»± dÆ°ng sinh ra SPX lÃ m gÃ¬. ÄÃºng lÃ  Ä‘á»©a con hÆ° váº£ vÃ o máº·t bá»‘ máº¹. LÃ m giáº£m uy tÃ­n SP Ä‘i bao nhiÃªu
20_7A6_Nguyá»…n Tháº£o My,"8 thÃ¡ng 1, 2022",3,"Sh**** express giao hÃ ng ráº¥t lÃ¢u, bÃ¢y giá» Sh**** ko cho lá»±a chá»n nhÃ  vc ná»¯a, mk tá»± ap vÃ o, Ä‘á»ƒ la giao nhanh tÃ­nh phÃ­ ship cao hÆ¡n trÆ°á»›c nhiá»u, mÃ  cÃ²n giao lÃ¢u ná»¯a. LÃ m Äƒn riáº¿t chÃ¡n"
Duy Tran,"8 thÃ¡ng 1, 2022",1,TÃ´i cÃ³ 1 vá» giáº£m hÆ¡n 70k mua dell cho mua lÃ m Äƒn nhÆ° cc nháº¯n vá»›i nhÃ¢n viÃªn thÃ¬ nÃ³i qua láº¡i vÃ²ng vo
Duy Tran,"9 thÃ¡ng 1, 2022",1,Truy cáº­p vÃ o trang web ( ğ•ğ€ğ˜ğŸ—.ğ‚ğğŒ ) Ä‘á»ƒ Kiáº¿m tiá»n online miá»…n phÃ­ vÃ  Vay tiá»n Æ°u Ä‘Ã£i khÃ´ng lÃ£i suáº¥t nha
40.Quáº¿ TrÃ¢n,"9 thÃ¡ng 1, 2022",1,"Mik ko hiá»ƒu sao khi Ä‘Äƒng nháº­p báº±ng sÄ‘t thÃ¬ báº£o lÃ  sá»‘ Ä‘Ã£ Ä‘Äƒng nháº­p tÃ i khoáº£n vÃ  tÃ i khoáº£n Ä‘Ã³ khi mik báº¥m vÃ o xem thÃ¬ Ä‘Ã³ lÃ  ng khÃ¡c chá»© ko pháº£i mik , mik mong Sh**** cÃ³ thá»ƒ kháº¯c phá»¥c lá»—i nÃ y Ä‘á»ƒ mik cÃ²n láº¥y láº¡i sÄ‘t nx"
40.Quáº¿ TrÃ¢n,"9 thÃ¡ng 1, 2022",2,"Giao hÃ ng cÃ¡i gÃ¬, chÆ°a nháº­n Ä‘Æ°á»£c cuá»™c gá»i nÃ o tá»« shipper mÃ  dÃ¡m Ä‘Äƒng lÃªn app bÃ¡o (giao hÃ ng khÃ´ng thÃ nh cÃ´ng ngÆ°á»i nháº­n háº¹n láº¡i ngÃ y giao) Ä‘iÃªn dá»… sá»£ ğŸ˜¡ğŸ˜¡ğŸ˜¡"
Thanh phÃº VÃµ,"8 thÃ¡ng 1, 2022",1,MÃ¬nh muá»‘n Ä‘Äƒng xuáº¥t tÃ i khoáº£n mÃ  Sh**** cá»© báº£o lá»—i máº¡ng . MÃ¬nh kiá»ƒm tra wifi thÃ¬ ko sao . YÃªu cáº§u Sh**** sá»­a ngay lá»—i nÃ y áº¡
Trang Äoan,"9 thÃ¡ng 1, 2022",3,Fix láº¡i Sh**** Æ¡i máº¥t pháº§n tÃ¬m kiáº¿m trong má»¥c lÆ°á»£t thÃ­ch cá»§a cÃ¡ nhÃ¢n rá»“i :((((( cáº§n tÃ¬m hÃ ng gÃ¬ lÃ  mÃ² khÃ¹ng luÃ´n Ã¡ Ä‘á» nghá»‹ Sh**** xem khÃ´i phá»¥c láº¡i áº¡ cÃ¡i Ä‘Ã³ ráº¥t tiá»‡n Ã­ch luÃ´n Ã¡
Trang Äoan,"9 thÃ¡ng 1, 2022",5,"QuÃ¡ nhiá»u tin nháº¯n rÃ¡c, quáº£n cÃ¡o, tin nháº¯n span. MÃ¬nh Ä‘Ã£ pháº£i cháº·n thÃ´ng bÃ¡o tá»« á»©ng dá»¥ng nÃ y. náº¿u cho khÃ´ng sao Ä‘Æ°á»£c mÃ¬nh cÅ©ng cho"
Nguyá»…n Tháº£o,"10 thÃ¡ng 1, 2022",1,thay vÃ¬ Ä‘áº§u tÆ° quáº£ng cÃ¡o thÃ¬ nÃªn nÃ¢ng cao cháº¥t lÆ°á»£ng Ä‘Æ¡n vá»‹ váº­n chuyá»ƒn vÃ  trÃ¡nh lá»«a Ä‘áº£o khÃ¡ch hÃ ng.
Háº±ng LÃ½,"9 thÃ¡ng 1, 2022",3,VÃ´ máº¡ng vÃ o web TimMaGiamGia. Vn Ä‘á»ƒ nháº­n mÃ£ giáº£m giÃ¡ miá»…n phÃ­. NgoÃ i ra cÃ²n há»— trá»£ kiáº¿m tiá»n 0 vá»‘n
Sac Anh,"9 thÃ¡ng 1, 2022",1,"KhÃ´ng hiá»ƒu sao Ä‘Æ¡n cá»§a mÃ¬nh gáº§n 100k mÃ  k Ã¡p dá»¥ng Ä‘c mÃ£ free ship, láº¡i cÃ²n báº£o k Ä‘á»§ Ä‘k, lÃ  sao váº­y???? LÃºc trc mÃ¬nh mua cÃ¡i Ä‘Æ¡n khoáº£ng 30k váº«n cÃ³ free ship mÃ  dáº¡o nÃ y cháº£ cÃ³ free ship ná»¯a"
Sac Anh,"9 thÃ¡ng 1, 2022",1,Em vá»«a cháº¡y ship cho Sh**** vá»«a Ä‘áº·t Ä‘á»“ Äƒn cá»§a Sh****food hy vá»ng cÃ´ng ty báº¯n cho em nhiá»u Ä‘Æ¡n mÃ£ id : 20522968
Ä‘á»“ng phá»¥c XÆ°á»Ÿng may,"8 thÃ¡ng 1, 2022",1,"Sh**** express lÃ m Äƒn ráº¥t vá»› váº©n, Ã´m hÃ ng á»Ÿ lá»³ 1 chá»— k váº­n chuyá»ƒn Ä‘i"
Trang NgoÌ£c,"8 thÃ¡ng 1, 2022",5,Viá»‡c giao hÃ ng trá»… hÆ¡n so vá»›i thá»i gian giao hÃ ng dá»± kiáº¿n ráº¥t nhiá»u. HÆ¡n tháº¿ ná»¯a máº·c dÃ¹ Ä‘Æ¡n Ä‘Ã£ Ä‘Æ°á»£c shipper bÃ¡o Ä‘ang giao nhÆ°ng trong pháº§n theo dÃµi Ä‘Æ¡n hÃ ng váº«n chÆ°a cáº­p nháº­t bÃªn váº­n chuyá»ƒn vÃ  mÃ£ Ä‘Æ¡n ná»™i Ä‘á»‹a.
Thanh NhÃ n Nguyá»…n,"8 thÃ¡ng 1, 2022",3,Máº¹ nhÃ  phÃ¡t triá»ƒn LÃ m Äƒn chÃ¡n lá»«a con nÃ­t nÃ³i Ä‘Äƒng kÃ½ tÃ i khoáº£ng má»›i mua hÃ ng Ä‘Æ°á»£c nháº­n quÃ  liÃªn quÃ¢n Ä‘Äƒng kÃ½ xong cÃ¡i máº¥t tiu cÃ¡i sá»± kiá»‡n lÃ m Äƒn kiá»ƒu gÃ¬ váº­y lÃºc chÆ°a Ä‘Äƒng nháº­p vÃ´ thÃ¬ nÃ³ váº«n cÃ²n
Thanh NhÃ n Nguyá»…n,"8 thÃ¡ng 1, 2022",5,VÃ´ máº¡ng vÃ o web TimMaGiamGia. Vn Ä‘á»ƒ nháº­n mÃ£ giáº£m giÃ¡ miá»…n phÃ­. NgoÃ i ra cÃ²n há»— trá»£ kiáº¿m tiá»n 0 vá»‘n
Ngá»c Huyá»n,"9 thÃ¡ng 1, 2022",2,"Má»i thá»© váº«n á»•n cho Ä‘áº¿n khi tháº±ng con cÆ°ng Sh**** express xuáº¥t hiá»‡n, má»i thá»© dÆ°á»ng nhÆ° Ä‘áº£o lá»™n.ko thá»ƒ cháº¥p nháº­n"
Ngá»c Huyá»n,"9 thÃ¡ng 1, 2022",1,"hÆ¡n 10 ngÃ y hÃ ng má»›i xuáº¥t kho , cháº£ biáº¿t lÃ m gÃ¬ , má»™t cuá»™c gá»i bÃ¡o hay xin lá»—i cÅ©ng khÃ´ng , lÃ m Äƒn máº¥t uy tÃ­n quÃ¡ , thá»i gian lÃ  vÃ ng báº¡c chá»© cÃ³ pháº£i Ä‘á»ƒ cho free Ä‘Ã¢u !"
Thuy Nguyen,"9 thÃ¡ng 1, 2022",1,VÃ´ máº¡ng vÃ o web TimMaGiamGia. Vn Ä‘á»ƒ nháº­n mÃ£ giáº£m giÃ¡ miá»…n phÃ­. NgoÃ i ra cÃ²n há»— trá»£ kiáº¿m tiá»n 0 vá»‘n
Thuy Nguyen,"9 thÃ¡ng 1, 2022",2,"Sao láº¡i khÃ´ng xem Ä‘Æ¡n hÃ ng vs hÃ´ sÆ¡ Ä‘Æ°á»£c váº­y, cáº£ máº¥y hum nay rá»“i bÃºc xÃºc tháº­t chá» cáº£ 5 phÃºt táº¯t Ä‘i báº­t láº¡i Ä‘iá»‡n thoáº¡i cÃ²n khÃ´ng Ä‘Æ°á»£c mÃ  cáº­p nháº­p liÃªn tá»¥c cÃ ng cáº­p nháº­p cÃ ng lá»—i lÃ  sao ta ..."
Thuáº­n Äáº·ng,"9 thÃ¡ng 1, 2022",5,ÄÄƒng nháº­p hay Ä‘Äƒng kÃ­ thÃ¬ cá»© lá»—i máº¡ng khÃ´ng vÃ o Ä‘Æ°á»£c máº·c dÃ¹ Ä‘Ã£ Ä‘á»•i 3 con mÃ¡y váº«n tháº¿.cÃºt luÃ´n :))
Zic Kullz,"9 thÃ¡ng 1, 2022",3,1 ngÃ y giao hÃ ng quá»‘c táº¿ tháº­t lÃ  nhanh
DÆ°Æ¡ng ÄÃ¬nh Nháº«n,"9 thÃ¡ng 1, 2022",3,TÃ´i cáº§n Ã­t quáº£ng cÃ¡o thoii Ä‘ang chs game cÅ©ng quáº£ng cÃ¡o
DÆ°Æ¡ng ÄÃ¬nh Nháº«n,"10 thÃ¡ng 1, 2022",1,App cháº­m cháº­m lag lag thao tÃ¡c khÃ´ng nháº¡y dÃ¹ng khÃ³ chá»‹u
tran le,"10 thÃ¡ng 1, 2022",1,Mua hÃ ng khi giao Ä‘Ãºng khi giao khÃ´ng Ä‘Ãºng kiá»ƒm tra hÃ ng thÃ¬ khÃ´ng cho kiá»ƒm tra
tran le,"10 thÃ¡ng 1, 2022",1,LÃ m Äƒn lá»«a Ä‘áº£o
HoÃ ng Anh,"10 thÃ¡ng 1, 2022",5,Giáº£m tÃ­ ná»¯a áº¡
HoÃ ng Anh,"9 thÃ¡ng 1, 2022",1,CÃ¡i gÃ¬ cÅ©ng cÃ³
Minh Mai,"9 thÃ¡ng 1, 2022",1,á»©ng dá»¥ng bá»‹ Ä‘Æ¡
Minh Mai,"9 thÃ¡ng 1, 2022",5,Mua sáº¯m nÃ³i chung cÃ³ may cÃ³ lá»¥i Ã© nÃ³i chung lÃ  ok
ÄÆ°Ìc ÄÄƒÌ£ng,"9 thÃ¡ng 1, 2022",2,"PhÃ¹ há»£p vs tÃºi tiá»n,ráº» quy tÃ­nh, cháº¥t lÆ°á»£ng cao"
ÄÆ°Ìc ÄÄƒÌ£ng,"8 thÃ¡ng 1, 2022",1,"App tuyá»‡t vá»i, cÃ³ nhiá»u voucher giáº£m giÃ¡, hÃ ng ráº», cháº¥t lÆ°á»£ng"
Anh Vu,"18 thÃ¡ng 7, 2019",5,Ãp dá»¥ng mÃ£ ngÆ°á»i má»›i khÃ´ng Ä‘c. Tá»‡ quÃ¡ tá»‡ğŸ™‚
Anh Vu,"8 thÃ¡ng 1, 2022",1,"Voucher thÆ°á»ng xuyÃªn lá»—i, cá»±c ká»³ khÃ³ chá»‹u luÃ´n Ä‘áº·t hÃ ng mÃ  cá»© bÃ¡o voucher lá»—i >:""((("
Thu NgÃ´,"8 thÃ¡ng 1, 2022",1,"App cháº¥t lg láº¯m nha,sÄƒn dc toÃ n Ä‘á»“ ngonğŸ˜¹"
Thu NgÃ´,"10 thÃ¡ng 1, 2022",4,"Mua hÃ ng thoáº£i mÃ¡i , tá»‘t"
Ten Vo,"9 thÃ¡ng 1, 2022",4,"App tá»‘t á»•n Ã¡p,hÃ ng giao hÆ¡i cháº­m ,Ä‘Ã´i lÃºc hÆ¡i lag nháº¹ xÃ­u"
Anh Ngoc,"9 thÃ¡ng 1, 2022",5,Táº¡i sá»‘ pe mÃ  lÃºc nÃ o tÃ´i cÅ©ng háº¿t tiá»n Báº¯t Ä‘á»n Ä‘áº¥y:))))
Anh Ngoc,"9 thÃ¡ng 1, 2022",5,ÄÆ¡n hÃ ng bá»‹ há»§y k rÃµ lÃ½ do...k Ä‘Ã¡ng Ä‘á»ƒ táº£i app
SÆ¡n TÃ¹ng,"9 thÃ¡ng 1, 2022",4,Sh**** táº¡o Ä‘á»ƒ Ä‘áº·t hÃ ng mÃ  hong Ä‘áº·t hÃ ng ??? á»¦a lÃ m gÃ¬ kÃ¬ dáº«y trá»i
vandung bap,"9 thÃ¡ng 1, 2022",4,"Má»i thá»© Ä‘á»u tá»‘t , má»—i em lÃ  kh cÃ³ tiá»n :>"
HÃ  Ngá»c,"9 thÃ¡ng 1, 2022",5,CÃ³ cá»‘ gáº¯ng LÃªn thÃªm 1 sao
HÃ  Ngá»c,"10 thÃ¡ng 1, 2022",5,Best ex giao hÃ ng thÃ¡i Ä‘á»™ quÃ¡
Men Group,"9 thÃ¡ng 1, 2022",1,Æ  sao cá»© bá»‹ mÃ£ d01 áº¡
KÃ¨ Non,"9 thÃ¡ng 1, 2022",2,Giao hÃ ng lÃ¢u nhÆ° bá»‹ báº¡i liá»‡t
KÃ¨ Non,"8 thÃ¡ng 1, 2022",5,Shoppee chá»‰ 2 tá»« thui tuyá»‡t vá»i
quyáº¿t lÆ°á»ng,"29 thÃ¡ng 12, 2021",5,HÃ ng hoÃ i á»Ÿ kho mÃ  khÃ´ng giao
VÄƒn Äá»©c QuÃ¡ch,"1 thÃ¡ng 1, 2022",5,Ãp ráº¥t tiá»‡n lá»£i trong mÃ¹a dá»‹ch
Hoa Dang thi,"1 thÃ¡ng 1, 2022",5,Sao cá»© cÃ³ lá»—i u02 v áº¡
Hoa Dang thi,"9 thÃ¡ng 1, 2022",1,"App lag, ai muá»‘n táº­p tÃ­nh kiÃªn nháº«n thÃ¬ hÃ£y thá»­ nhÃ© :))"
Chuong huu,"9 thÃ¡ng 1, 2022",1,"Xá»­ lÃ½ Ä‘Æ¡n hÃ ng chÆ°a tá»‘t, giao hÃ ng cháº­m"
Chuong huu,"31 thÃ¡ng 12, 2021",5,Nghiá»‡n luÃ´n rÃ´i cho 5 sao Ã¡ hihi
Äáº¡t Báº£o,"3 thÃ¡ng 1, 2022",3,App thÆ°á»ng xuyÃªn load khÃ´ng Ä‘Æ°á»£c ! Ráº¥t khÃ´ng hÃ i lÃ²ng.
Hiá»n lÆ°Æ¡ng Nguyá»…n,"2 thÃ¡ng 1, 2022",1,Táº£i mÃ  khÃ´ng Ä‘Äƒng kÃ­ Ä‘Æ°á»£c thÃ¬ táº£i lÃ m gÃ¬?
Hiá»n lÆ°Æ¡ng Nguyá»…n,"1 thÃ¡ng 1, 2022",1,Hong hiá»ƒu sao tÃ¬m Ä‘á»“ tÃ­ lÃ  nÃ³ laggg
LÃ¢m Báº£o ÄÃ€O,"1 thÃ¡ng 1, 2022",1,Sau khi cáº­p nháº¥t xong app cÃ²n lag hÆ¡n
LÃ¢m Báº£o ÄÃ€O,"4 thÃ¡ng 1, 2022",5,XoÃ¡ 3 á»©ng dá»¥ng váº«n ko thá»ƒ táº£i dc
Minh Nguyen,"6 thÃ¡ng 1, 2022",1,Sao k cÃ³ thanh toÃ¡n khi nháº­n hÃ ng váº­y
Sang Minh,"6 thÃ¡ng 1, 2022",5,App ráº¥t tiáº¹n lá»£i tÃ´i mua j cÅ©ng cÃ³
15 . NGUYá»„N GIA KHÃNH,"8 thÃ¡ng 1, 2022",5,xÃ i thÃ­ch láº¯m khÃ³ giá»¯ tiá»n trong tÃºi Ä‘Æ°á»£c
Báº£o Ngá»c,"3 thÃ¡ng 1, 2022",1,Sao báº¥m vÃ o chá»¯ Ä‘áº·t hÃ ng ko Ä‘c áº¡k
HÃ  Mi Nguyá»…n,"7 thÃ¡ng 1, 2022",3,Nhá»¯ng Ä‘Æ¡n thanh toÃ¡n rá»“i khÃ´ng nháº­n Ä‘c hÃ ng
hoa phÆ°á»£ng Ä‘á»,"30 thÃ¡ng 12, 2021",5,Ráº¥t lÃ  hay vÃ  cÃ³ nhiá»u khu yáº¿n mÃ£i
Boss Quy,"6 thÃ¡ng 1, 2022",1,tÃ´i Ä‘Ã£ mua Ä‘Æ°á»£c trÃºng Ä‘á»“ng há»“ ben 10
HÃ  HoÃ ng,"5 thÃ¡ng 1, 2022",1,Em Ä‘áº·t hÃ ng ráº±ng 1 thÃ¡ng rá»“i chÆ°a dao
WINTER WIND,"2 thÃ¡ng 1, 2022",5,CÃ³ hÃ ng nhiá»u loáº¡i theo sá»Ÿ thÃ­ch cá»§a mÃ¬nh
LiÃªn Nguyá»…n Thá»‹,"6 thÃ¡ng 1, 2022",3,Giao hÃ ng 10 mÃ¡y bá»¯a má»›i cÃ³ ráº¥t tá»‡
LÃ¢m Nháº­t Khang,"1 thÃ¡ng 1, 2022",5,Tá»‘t nhÆ°ng hÆ¡i lagg xÃ­u nÃªn cho 4 sao
TÃ¢m TÃ¢m,"1 thÃ¡ng 1, 2022",5,Oke vip pro nhiá»u hÃ ng mÃ¬nh muá»‘n tuyá»‡t vá»i
TÃ¢m TÃ¢m,"2 thÃ¡ng 1, 2022",5,Tá»‡ vÃ´ cÃ¹ng Ä‘áº·t hÃ ng chá» gáº§n 1 thÃ¡ng
TÃ¢m Nguyá»…n,"2 thÃ¡ng 1, 2022",5,PhÃ­ váº«n chuyá»‡n cÃ²n Ä‘áº¯t hÆ¡n mÃ³n hÃ ng mua
TÃ¢m Nguyá»…n,"8 thÃ¡ng 1, 2022",1,Æ¯á»›c Ä‘c nháº­n voucher 2 cháº¹o cá»§a Sh**** TT
nhinh nguyen tuan,"8 thÃ¡ng 1, 2022",1,App ráº¥t hay bá»‹ lá»—i vÃ  lag kinh khá»§ng
nhinh nguyen tuan,"3 thÃ¡ng 1, 2022",5,Top 1 tg thÃ­ch cá»±c sáº£n pháº©m uy tÃ­n
Tháº£o XuÃ¢n,"15 thÃ¡ng 10, 2020",5,HÃ£y cho thÃªm cháº¿ Ä‘á»™ tá»‘i hoáº·c ban Ä‘Ãªm
Tháº£o XuÃ¢n,"5 thÃ¡ng 1, 2022",3,Sh**** ráº¥t hay vÃ  cÃ³ thá»ƒ mua hÃ ng online
HoÃ i Nguyá»…n,"30 thÃ¡ng 12, 2021",4,NÃ³ bá»‹ cÃ¡i gÃ¬ mÃ  vÃ´ toÃ n lá»—i váº­y
HoÃ i Nguyá»…n,"3 thÃ¡ng 1, 2022",1,ÄÄƒng nháº­p sá»‘ Ä‘t ko Ä‘c hÆ¡i bá»±c chÃºt
kÃªnh lung tung tv,"2 thÃ¡ng 1, 2022",4,Sh**** giao hÃ ng nhanh nhiá»u giáº£m giÃ¡ uy tÃ­n
Báº£o Nguyá»…n,"2 thÃ¡ng 1, 2022",5,Biáº¿t cÃ¡ch mua hÃ ng thÃ¬ bao uy tÃ­n nhÃ©
Báº£o Nguyá»…n,"4 thÃ¡ng 1, 2022",1,MÃ¬nh ráº¥t thÃ­ch mua hÃ ng trÃªn Æ°ng dá»¥ng shoppe
thuá»³ Thanh,"4 thÃ¡ng 1, 2022",2,GiÃ¡o hÃ ng nhanh Ä‘á»“ Ä‘áº¹p ráº¥t uy tÃ­n MN
TÃ­n Huá»³nh,"2 thÃ¡ng 1, 2022",5,App uci mua Ä‘á»“ tiá»‡n lá»£i giao hÃ ng nhanh
Khang Äinh,"2 thÃ¡ng 1, 2022",1,TÃ´i khÃ´ng muá»‘n Ä‘Æ¡n vá»‹ Sh**** expess giao hÃ ng
Khang Äinh,"31 thÃ¡ng 12, 2021",5,Ship lÃ¢u mÃ  khÃ´ng tÃ¬m phÆ°Æ¡ng phÃ¡p giáº£i quyáº¿t
ë¦„ëˆˆ,"5 thÃ¡ng 1, 2022",4,Giao hÃ ng tá»‘t mÃ  máº·ng mÃ¡y quÃ¡ lag ná»¯a
Minh Thu Huynh Ngoc,"5 thÃ¡ng 1, 2022",5,á»¨ng dá»¥ng mua sáº¯m tuyá»‡t vá»i
Minh Thu Huynh Ngoc,"29 thÃ¡ng 12, 2021",3,"PhÃ­ ship quÃ¡ cao, nÃªn mua á»Ÿ lazada. Äá»™c quyá»n ship báº±ng Sh**** express. Ko cho khÃ¡ch hÃ ng chá»n Ä‘Æ¡n vá»‹ ship, ko cho shop bá» chá»n Sh**** express. $$$$$$$$$$$ ASW: cÃ¹ng 1 quÃ£ng Ä‘Æ°á»ng nhÆ°ng Sh**** ship lÃ¢u, phÃ­ cao gáº¥p Ä‘Ã´i khi gá»­i cÃ¡c Ä‘Æ¡n vá»‹ ngoÃ i nhÆ° viettel hay vnpt. Láº¡i báº¯t pháº£i ship express cá»§a há» n...BÃ i Ä‘Ã¡nh giÃ¡ Ä‘áº§y Ä‘á»§"
Hiáº¿u VÃµ,"31 thÃ¡ng 12, 2021",3,"PhÃ­ váº­n chuyá»n thÃ¬ cao , giao thÃ¬ lÃ¢u...quÃ¡ kÃ©m cá»i. Tá»‡"
VÃµ ThÃ´ng,"6 thÃ¡ng 1, 2022",5,Äáº·t cÃ³ bá»™ Ä‘á»“ mÃ  gáº§n cáº£ thÃ¡ng chÆ°a cÃ³... Mn nÃªn suy nghÄ© láº¡i..
Thu Tiá»n Nguyá»…n Thanh,"6 thÃ¡ng 1, 2022",5,Mong nhÃ  sáº£n xuáº¥t giáº£m bá»›t dung lÆ°á»£ng láº¡i chá»© mÃ¡y náº·ng quÃ¡ ğŸ˜ŸğŸ˜ŸğŸ˜ŸğŸ˜Ÿ
12. LÃª NhÆ° Huá»³nh,"6 thÃ¡ng 1, 2022",5,"Cháº¥t lÆ°á»£ng sáº£n pháº©m tá»‘t, nhÃ¢n viÃªn giao nhanh"
C2 PhÆ°Æ¡ng,"6 thÃ¡ng 1, 2022",5,Giao hÃ ng nhanh sáº£n pháº©m Ä‘Ãºng nhÆ° quáº£ng cÃ¡o.
C2 PhÆ°Æ¡ng,"6 thÃ¡ng 1, 2022",5,Quáº£n cÃ¡o nhÆ° cc mÃ  quáº£n cÃ¡o láº¯m vc Ä‘mm
ThÃºy An,"6 thÃ¡ng 1, 2022",1,á»¨ng dá»¥ng hay moi ngÆ°á»i nÃªn sá»­ dá»¥ng ráº¥t tá»‘t
ThÃºy An,"7 thÃ¡ng 1, 2022",1,Ko cho tui voucher Ä‘m shoppe tui sáº» kiá»‡n lÃªn
Jg H,"17 thÃ¡ng 7, 2020",4,"Giao hÃ ng cá»±c kÃ¬ lÃ¢u, ÄVVC GIAO HÃ€NG NHANH mÃ  giao 15 - 20 ngÃ y chÆ°a tá»›i tay khÃ¡ch hÃ ng, gáº·p sáº£n pháº©m ko Ä‘á»ƒ lÃ¢u Ä‘Æ°á»£c giao váº­y lÃ  toang, liÃªn há»‡ Sh**** thÃ¬ xá»­ lÃ­ sÆ¡ xÃ i chá»‰ kÃªu Ä‘á»£i Ä‘á»£i, Ä‘á»£i dÃ i cá»• cÅ©ng chÆ°a nháº­n Ä‘Æ°á»£c"
Jg H,"6 thÃ¡ng 1, 2022",5,"KhÃ´ng Ä‘áº·t hÃ ng Ä‘Æ°á»£c, khÃ´ng thá»ƒ Ã¡p dá»¥ng mÃ£ giáº£m giÃ¡, .."
Nga Hoang,"30 thÃ¡ng 12, 2021",1,Ráº¥t thÃ­ch. Má»—i thÃ¡ng chi vÃ i cá»§ cho Sh****
ThÃ nh,"31 thÃ¡ng 12, 2021",1,"KhÃ´ng mua Ä‘Æ°á»£c Ä‘á»“ ,nhiá»u cÃ¡i gia hÃ ng lÃ¢u"
ThÃ¢n Tráº§n,"3 thÃ¡ng 1, 2022",2,Má»™t á»©ng dá»¥ng mua hÃ ng online ráº¥t há»¯u Ã­ch.
Hiá»n Nguyá»…n,"4 thÃ¡ng 1, 2022",4,Cháº¥t lÆ°á»£ng hÃ ng Ä‘áº§u VN
Hiá»n Nguyá»…n,"2 thÃ¡ng 1, 2022",5,NÆ¡i mua sáº¯m phÃ¹ há»£p vá»›i ngÆ°á»i tiÃªu dÃ¹ng.
Thanh NhÃ£ Nguyá»…n Thá»‹,"3 thÃ¡ng 1, 2022",5,Shop ráº¥t uy tÃ­n nhÆ°ng giao hÆ¡i lÃ¢u
Thanh NhÃ£ Nguyá»…n Thá»‹,"3 thÃ¡ng 1, 2022",1,Thá»i Ä‘áº¡i nÃ o rá»“i mÃ  xÃ¡c thá»±c báº±ng link.
Thu Minh,"3 thÃ¡ng 1, 2022",5,"CÃ ng ngÃ y ship cÃ ng cháº­m, cáº£ thÃ¡ng váº«n chÆ°a ship Ä‘áº¿n, váº«n á»Ÿ nguyÃªn chá»— cÅ©. QuÃ¡ tá»‡. KhuyÃªn má»i ngÆ°á»i ko nÃªn dÃ¹ng! Pháº£n há»“i rá»“i mÃ  chá»‰ tráº£ lá»i cho cÃ³ thÃ´i chá»© cÅ©ng cháº£ cÃ³ thay Ä‘á»•i gÃ¬ Ä‘Ã¢u."
Thu Minh,"31 thÃ¡ng 12, 2021",1,Mua hÃ ng online nÃªn ráº¥t tiá»‡n . tiáº¿t kiá»‡m thá»i gian .
Lá»£i Trá»‹nh,"4 thÃ¡ng 1, 2022",1,KhÃ´n nan toan quang cao choi minecra cung co quang cao
Há»“ng Ngá»c,"31 thÃ¡ng 12, 2021",1,"MÃ¬nh ráº¥t thÃ­ch, thÃ¡nh nghiá»‡n Sh**** ğŸ˜‡"
Äáº¡i Nguyá»…n,"3 thÃ¡ng 1, 2022",5,"PhÃ­ ship cao, nhÆ°ng Ã¡p mÃ£ nÃªn váº«n á»•n"
BÃ¬nh Minh,"3 thÃ¡ng 1, 2022",2,"ÄÆ¡n hÃ ng giao quÃ¡ lÃ¢u, há»— trá»£ KH kÃ©m"
BÃ¬nh Minh,"3 thÃ¡ng 1, 2022",5,HÃ¬nh nhÆ° lÃ  bá»‹ lá»—i rÃ²i giáº£m 50% cho ship 15k mÃ  mik app vÃ o hg Ä‘c náº¿u Ä‘c cx hg cho mua thiá»‡t tháº¥t vá»ng vÃ o lá»i quáº£ng cÃ¡o;(((
Hoang Pu,"5 thÃ¡ng 1, 2022",5,Giao hÃ ng gáº§n 2 tuáº§n má»›i cÃ³._. CÃ²n bá»‹ máº¥t xu ná»¯a;-;
Luyá»‡n Lovan,"1 thÃ¡ng 1, 2022",5,QuÃ¡ tráº­m loÃ¡t kÃ©m .Ä‘Æ¡ lÃ¡c cho 1 sao
ThÆ° HÃ ,"1 thÃ¡ng 1, 2022",5,"Ok nha mn, cÃ³ Ä‘iá»u vÃ i láº§n ko thÃ­ch"
ThÆ° HÃ ,"3 thÃ¡ng 1, 2022",2,Mua gÃ¬ cÃ³ Sh**** lo nhÆ°ng mÃ  khÃ´ng cÃ³ tiá»nğŸ˜‚
Giau Khuungoc,"3 thÃ¡ng 1, 2022",1,Giao hÃ ng cáº£ thÃ¡ng chÆ°a tháº¥y Ä‘Ã¢u . Shoppe ngÃ y cÃ ng kÃ©m ğŸ˜ ğŸ˜ ğŸ˜ 
Giau Khuungoc,"5 thÃ¡ng 1, 2022",5,"Tá»« 3*lÃªn 4* vÃ¬ trÆ°á»›c Ä‘Ã¢y mÃ¬nh ko liÃªn káº¿t Ä‘c vá»›i ngÃ¢n hÃ ng Vietinbank tháº» visa ,nhÆ°ng h káº¿t ná»‘i Ä‘c rá»“i,náº¡p tiá»n cÅ©ng nhanh ,giao dá»‹ch nhanh chÃ³ng thuáº­n tiá»‡n duy chá»‰ cÃ³ 1 Ä‘iá»u lÃ  láº§n nÃ y mÃ¬nh mua hÃ ng ,hÃ ng ráº» mÃ  ship Ä‘áº¯t quÃ¡ 40k trong nÆ°á»›c thÃ¬ thÃ´i áº¡,mÃ¬nh mua hÃ ng q.táº¿ cÅ©ng cÃ²n ko Ä‘áº¯t Ä‘áº¿n má»©c Ä‘áº¥y ch...BÃ i Ä‘Ã¡nh giÃ¡ Ä‘áº§y Ä‘á»§"
Gia Ä‘Ã¬nh hÃ i hÆ°á»›c,"2 thÃ¡ng 1, 2022",1,"Tiá»‡n dÃ¹ng, nhanh nháº¹n, má»—i phÃ­ ship cao vÃ  lÃ¢u"
TuyÃªn Pháº¡m,"2 thÃ¡ng 1, 2022",2,App nay dung tot lam nha
TuyÃªn Pháº¡m,"6 thÃ¡ng 1, 2022",5,Táº·ng 4 cho Sh**** nak
Thanh Binh Hoang,"1 thÃ¡ng 1, 2022",1,"Mua hÃ ng nhanh. ÄÆ¡n giáº£n, tiá»‡n lá»£i"
le Ä‘at,"6 thÃ¡ng 1, 2022",2,Báº¯t mua Ä‘á»“ r qua 24h lÃ  cÃ³ code ? Code lq Ä‘Ã¢u:)?
12a3-Ka HoÃ i,"6 thÃ¡ng 1, 2022",2,"Uy tÃ­n, má»™t sá»‘ shop lÃ m Äƒn ko uy tÃ­n"
Chaby -TV,"6 thÃ¡ng 1, 2022",1,cÃ³ ráº¥t nhiá»u Ã¡o Ä‘áº¹p trÃªn Ä‘Ã¢y:3
Chaby -TV,"6 thÃ¡ng 1, 2022",5,"Chá»©c nÄƒng tÃ¬m kiáº¿m sáº£n pháº©m nhÆ° háº¡ch. Filter sp giÃ¡ 50k nhÆ°ng hÆ¡n 50kq tÃ¬m kiáº¿m Ä‘áº§u tiÃªn lÃ  sp 140k, 240k, tháº­m chÃ­ khÃ´ng liÃªn quan Ä‘áº¿n káº¿t quáº£ tÃ¬m kiáº¿m. Quáº£ng cÃ¡o cho sp cá»§a shop khÃ¡c khÃ´ng tinh táº¿. NhÆ° háº¡ch. LiÃªn há»‡ há»— trá»£ thÃ¬ HTV bÃ¡o vui lÃ²ng chá» vÃ  yc NSD ko gÃ¡c mÃ¡y. NhÆ°ng NSD chá» 15' phiÃªn tá»± t...BÃ i Ä‘Ã¡nh giÃ¡ Ä‘áº§y Ä‘á»§"
BÃ¬nh Nguyá»…n,"6 thÃ¡ng 1, 2022",5,ÄÄƒng sáº£n pháº©m ráº¥t khÃ³ chá»‹u khi mÃ  khÃ´ng thá»ƒ táº£i áº£nh lÃªn. Duyá»‡t sáº£n pháº©m quÃ¡ lÃ¢u Má»¹ Pháº©m Ä‘iá»u trá»‹ da thÃ¬ cá»© khÃ´ng cho duyá»‡t Ä‘á»ƒ hiá»‡n thá»‹ Sáº£n pháº©m Ä‘ang kinh doanh tá»± nhiÃªn khÃ³a rá»“i Ä‘Äƒng láº¡i khÃ´ng Ä‘Æ°á»£c Váº­n chuyá»ƒn cá»§a Sh**** thÃ¬ quÃ¡ cháº­m
VÄƒn hiáº¿u LÆ°u,"7 thÃ¡ng 1, 2022",1,Khi nÃ o cÃ³ dark mode cho 5 sao
Thi VoÌƒ,"8 thÃ¡ng 1, 2022",4,TÃ´i ráº¥t thÃ­ch mua sáº£n pháº©m trÃªn shoppe
MÃ¹i NgÃ´,"7 thÃ¡ng 1, 2022",5,Táº£i ngay shoppe Ä‘á»ƒ mua gÃ¬ cÅ©ng cÃ³
Tháº£o ÄoÃ n,"7 thÃ¡ng 1, 2022",5,Shop bÃ¡n Ä‘áº¯t quÃ¡ kh cÃ³ tiá»n mua
Tháº£o ÄoÃ n,"8 thÃ¡ng 1, 2022",4,HÆ¡i lÃ¡c nha nhÆ°ng váº«n cho 5 sao nha
Ma Mi,"8 thÃ¡ng 1, 2022",5,ChÃ¡n mÃ  shoppee bá»‹ lá»—i tá»©c á»‘i mÃ¡u
Bron Lil,"8 thÃ¡ng 1, 2022",1,Hay vÃ²n cÃ³ chÃ² chÆ¡i kiáº¿m xu ná»¯a
Bron Lil,"8 thÃ¡ng 1, 2022",5,TÃ´i ko thá»ƒ Ä‘Äƒng nháº­p vÃ o tÃ i khoáº£n
Tráº§n Vy HÃ¢n,"5 thÃ¡ng 1, 2022",5,Voucher 100k mÃ  khÃ´ng dÃ¹ng Ä‘Æ°á»£c tá»©c Ã¡
Xuan Nguyá»…n,"28 thÃ¡ng 12, 2021",1,QuÃ¡ lag tÃ´i táº£i app khÃ¡c cho nhanh
Xuan Nguyá»…n,"30 thÃ¡ng 12, 2021",2,Äáº·t Ä‘á»“ Ä‘Æ¡n giáº£n mÃ  ship hÆ¡i cao
SÆ¡n VÅ© Ngá»c,"2 thÃ¡ng 1, 2022",3,á»¨ng dá»¥ng tuyá»‡t vá»i nháº¥t tÃ´i tá»«ng biáº¿t
SÆ¡n Pháº¡m,"2 thÃ¡ng 1, 2022",5,OK chÆ°a quáº£n lÃ½ tá»‘t ngÆ°á»i bÃ¡n hÃ ng
SÆ¡n Pháº¡m,"6 thÃ¡ng 1, 2022",5,Cho nhÃ¢n viÃªn thá»©c khuya thÃªm tÃ­ ná»¯a
FGTvâ€¢Ãc Tháº§n,"1 thÃ¡ng 1, 2022",3,CÃ¡c báº¡n zo giÃ nh qua vá»›i mÃ¬nh náº¹k
Hauu,"1 thÃ¡ng 1, 2022",5,Ok nhÆ°ng máº¥y cÃ¡i shop giao hÆ¡i lÃ¢u
Hauu,"3 thÃ¡ng 1, 2022",1,á»¨ng dá»¥ng ráº¥t lÃ  cÃ³ Ã­ch luÃ´n áº¡
Hoang Thanh,"4 thÃ¡ng 1, 2022",5,Mua quÃ i riáº¿t nghÃ¨o nÃªn cho 4 sao
ÄÃ o LÃª,"5 thÃ¡ng 1, 2022",1,NhÃ  phÃ¡t triá»ƒn cho Ã­t quáº£ng cÃ¡o láº¡i
Minh chÃ¡nh Tráº§n,"4 thÃ¡ng 1, 2022",4,NhÃ¢n viÃªn rep ko tráº£ lá»i tháº¥t vá»ng
thien phu,"4 thÃ¡ng 1, 2022",1,Nhiá»‡t tinht vÃ nh GÃ²n nháº¹ khÃ¡ lÃ  OK
Van Huynh,"6 thÃ¡ng 1, 2022",5,App load cÃ³ váº» lÃ  hÆ¡i lÃ¢u áº¡
Thu thao Le thi,"6 thÃ¡ng 1, 2022",5,DÃ¹ng voucher giáº£m 50k sao k Ä‘c dá»‹
Thu thao Le thi,"5 thÃ¡ng 1, 2022",4,Mua sáº¯m giÃ¡ ráº» hÃ ng cháº¥t lÆ°á»£ng cao
Itsuka Kotori,"5 thÃ¡ng 1, 2022",1,Dá»… sá»­ dá»¥ng cho con lowtech nhÆ° mÃ¬nh
Itsuka Kotori,"3 thÃ¡ng 1, 2022",5,Chá»‰ cÃ³ cÃ¡i lÃ  k cho ktra hÃ ng
Park Hyun Ki,"7 thÃ¡ng 1, 2022",5,Tá»‘t nhÆ°ng cá»© bá»‹ dá»«ng cho 2 sao
Linh Vungocgia,"1 thÃ¡ng 1, 2022",5,Nhá» Sh**** mÃ  láº¥y láº¡i Ä‘Æ°á»£c nick fb
Tiáº¿n PhÃ¡t,"1 thÃ¡ng 1, 2022",4,NÃ³i chung lÃ  ráº¥t hay vÃ  tuyá»‡t vá»i
Tiáº¿n PhÃ¡t,"2 thÃ¡ng 1, 2022",4,Sh**** bÃ¡n Ä‘á»“ ráº¥t há»£p tÃºi tiá»n ná»¯a
Nguyá»‡t NhÆ°,"6 thÃ¡ng 1, 2022",1,App hay lá»—i vcÄ‘ TrÃ´ng mÃ  phÃ¡t ngÃ¡n
ChÃ¢u TÄƒng,"6 thÃ¡ng 1, 2022",5,VÃ o lÆ°á»›t Sh**** mÃ  lag Ä‘á»©ng Ä‘Æ¡ chÃ¡n
Thi xuÃ¢n Nguyen,"2 thÃ¡ng 1, 2022",5,á»¨ng dá»¥ng mua hÃ ng uy tÃ­n cháº¥t lÆ°á»£ng
TrÆ°Æ¡ng Tam Phong,"2 thÃ¡ng 1, 2022",3,chÄƒm sÃ³c khÃ¡ch hÃ ng cÃ²n chÃ¡n láº¯m áº¡
TrÆ°Æ¡ng Tam Phong,"7 thÃ¡ng 1, 2022",5,Cáº§n cáº£i thiá»‡n thÃªm nhiá»u tÃ­nh nÄƒng má»›i
Ngá»c Há»“ng,"7 thÃ¡ng 1, 2022",5,Má»i thá»© tÃ´i cáº§n Ä‘á»u cÃ³ táº¡i Sh****
Ngá»c Há»“ng,"4 thÃ¡ng 1, 2022",5,Tá»‘t Ä‘Ã³ng gÃ³i cáº©n tháº­n giao hÃ ng nhanh
31-Trá»‹nh Thá»‹ HoÃ i TÃº,"4 thÃ¡ng 1, 2022",2,App cá»© bá»‹ lag tá»©c vÃ ng ngÆ°á»i luÃ´n
31-Trá»‹nh Thá»‹ HoÃ i TÃº,"30 thÃ¡ng 12, 2021",5,NÃ³ cÃ³ mÃ£ giáº£m giÃ¡ nÃªn mÃ¬nh mua cÃ¡i gÃ¬ cÅ©ng ráº» luÃ´n!!!!!
Lá»™c Tráº§n,"30 thÃ¡ng 12, 2021",5,App cháº£ ra gÃ¬. NhÃ¢n viÃªn chÄƒm sÃ³c kh kÃ©m.
Lá»™c Tráº§n,"3 thÃ¡ng 1, 2022",5,ÄÆ¡n hÃ ng quÃ¡ háº¡n giao hÃ ng mÃ  há»i nhÃ¢n viÃªn cskh thÃ¬ toÃ n tháº¥y cÃ¡c cÃ¢u tráº£ lá»i lÃ²ng vÃ²ng. 4 láº§n há»i lÃ  4 láº§n sao y vÄƒn máº«u. NhÃ¢n viÃªn ko tráº£ lá»i Ä‘Æ°á»£c cÃ¢u há»i lÃ  tá»± Ã½ káº¿t thÃºc phiÃªn trÃ² chuyá»‡n. ThÃ¡i Ä‘á»™ quÃ¡ kÃ©m vÃ  thiáº¿u chuyÃªn nghiá»‡p!!!
HoÃ ng Há»“ng Nháº¡n,"3 thÃ¡ng 1, 2022",1,"Vá»›i ráº¥t nhiá»u sáº£n pháº©m mÃ  cÃ³ khoáº£ng giÃ¡, giÃ¡ tháº¥p nháº¥t cá»§a nÃ³ ko pháº£i giÃ¡ cá»§a sp Ä‘Æ°á»£c Ä‘Äƒng táº£i mÃ  láº¡i lÃ  giÃ¡ cá»§a 1 sáº£n pháº©m khÃ¡c Ä‘Æ°á»£c Ä‘áº·t trog pháº§n kÃ­ch thÆ°á»›c sp Ä‘Ã³. Khi cho vÃ o giá» hÃ ng má»›i xuáº¥t hiá»‡n. NhÆ° váº­y lÃ  ko Ä‘Ãºg khi ng dÃ¹g muá»‘n lá»c giÃ¡ tá»« tháº¥p Ä‘áº¿n cao. Äiá»u nÃ y khiáº¿n tÃ´i ko hÃ i lÃ²g, khiáº¿n tÃ´...BÃ i Ä‘Ã¡nh giÃ¡ Ä‘áº§y Ä‘á»§"
HoÃ ng Há»“ng Nháº¡n,"4 thÃ¡ng 1, 2022",3,TÃ´i khÃ´ng cÃ²n cÃ²n gÃ¬ Ä‘á»… nÃ³i tuyá»‡t vá»i
Nhung VÄƒn,"4 thÃ¡ng 1, 2022",5,Giao diá»‡n app tráº¯ng xoÃ¡ tháº¿ lÃ  tháº¿ nÃ o
Nhung VÄƒn,"4 thÃ¡ng 1, 2022",4,Shoppe nÆ¡i cá»§a má»i sá»± lá»±a chá»n cá»§a mik
DuyÃªn VÃµ,"4 thÃ¡ng 1, 2022",5,Giao hÃ ng hÆ¡i cháº­m nhÆ°ng mÃ  hÃ ng ráº¥t Ä‘áº¹p
DuyÃªn VÃµ,"6 thÃ¡ng 1, 2022",5,Cáº­p nháº­t rá»“i mÃ  váº«n sÃ i bá»‹ lá»—i app ngá»™ v??
My Be,"1 thÃ¡ng 1, 2022",5,ÄÆ¡n viÌ£ vÃ¢n chuyÃªÌ‰n cuÌ‰a Sh**** quaÌ chÃ¢Ì£m.
TÃ i Tráº§n,"1 thÃ¡ng 1, 2022",2,CÅ©ng oke mÃ  Ä‘Äƒng nháº­p kh Ä‘c luÃ´n áº¥y?
TÃ i Tráº§n,"6 thÃ¡ng 1, 2022",5,Clmm tá»¥i m á»Ÿ Ä‘Ã¢u tá»¥i m cÅ©ng quáº£ng cÃ¡o
Duy Nguyen,"6 thÃ¡ng 1, 2022",1,Táº¿t nháº¥t mÃ  cÃ³ káº¹t biÃªn hÃ ng vá» Ä‘c hay khÃ´ng gÃ¬ thÃ¬ cÅ©ng thÃ´ng bÃ¡o má»™t tiáº¿ng cho ng ta khá»i chá» MÃ¬nh cÃ³ 10 Ä‘Æ¡n hÃ ng qte mÃ  thÃ´ng quan tá»« Ä‘á»£t 21/12 tá»›i h kh cÃ³ tung tÃºch gÃ¬ luÃ´n. Nháº¯n tin cskh 3 láº§n rá»“i máº¥y báº¡n tráº£ lá»i cho cÃ³ chá»© giáº£i quyáº¿t Ä‘Æ°á»£c gÃ¬. ChÃºc má»«ng cÃ¡c báº¡n Ä‘Ã£ máº¥t 1 khÃ¡ch hÃ ng kim cÆ°Æ¡ng nhÆ°...BÃ i Ä‘Ã¡nh giÃ¡ Ä‘áº§y Ä‘á»§
Duy Nguyen,"4 thÃ¡ng 1, 2022",1,"Cáº­p nháº­t Ä‘Æ¡n hÃ ng cháº­m, khÃ´ng theo dÃµi Ä‘Æ°á»£c Ä‘Æ¡n hÃ ng."
Van Truong,"5 thÃ¡ng 1, 2022",3,"ThÃ­ch láº¯m , nhÆ°ng mÃ  tá»‘n tiá»n ráº¥t nhiá»u"
Van Truong,"6 thÃ¡ng 1, 2022",5,Sh**** chÆ°a bao giá» lÃ m em tháº¥t vá»ng â¤
nháº­t bÃªnh phÃº thá»,"5 thÃ¡ng 1, 2022",1,"Dá»‹ch vá»¥ trÃªn Sh**** ráº¥t nhanh,hÃ i lÃ²ng"
CÆ°Æ¡ng TÃ´,"5 thÃ¡ng 1, 2022",5,"app lag cá»±c , cáº§n shoppe sá»›m cáº£i thiá»‡n"
CÆ°Æ¡ng TÃ´,"8 thÃ¡ng 1, 2022",5,"Giao hÃ ng nhanh, sáº£n pháº©m tá»‘t"
VÆ°Æ¡ng TiÃªu,"8 thÃ¡ng 1, 2022",2,"HÃ ng Ä‘áº¹p, tá»‘t nhÆ°ng tiá»n ship hÆ¡i Ä‘áº¯t"
VÆ°Æ¡ng TiÃªu,"6 thÃ¡ng 1, 2022",1,"Äa dáº¡ng nhiá»u máº·t hÃ ng, giao diá»‡n Ä‘áº¹p"
Luna Do,"8 thÃ¡ng 1, 2022",2,Giao ráº¥t nhanh Ä‘Ãºng sáº£n pháº©m yÃªu cáº§uğŸ˜™
Háº£i TÃº,"30 thÃ¡ng 12, 2021",1,toi rat thich ung dung nay
Ngá»c Báº£o,"6 thÃ¡ng 1, 2022",1,Sá»‘p pi Æ¡i cho em xin vocher 22tr Ä‘i em mua pc ğŸ¤£ğŸ¤£ğŸ¤£
Trang Äá»— thu,"3 thÃ¡ng 1, 2022",5,"1 sao vÃ¬ bá»‹ khoÃ¡ Shoppepay, bá»±c mÃ¬nh"
Ngá»c Ãnh Äáº·ng,"1 thÃ¡ng 1, 2022",5,Lá»—i máº¡ng Ä‘Äƒng nháº­p khÃ´ng Ä‘Æ°á»£c. 1 sao
Ãnh Nhung Nguyá»…n,"1 thÃ¡ng 1, 2022",5,Ok. KhÃ´ng lÃ m tháº¥t vá»ng nhá»¯ng ngÆ°á»i ká»³ vá»ng
Ãnh Nhung Nguyá»…n,"5 thÃ¡ng 1, 2022",5,"MÃ¬nh Ä‘Ã£ tá»«ng ráº¥t thÃ­ch Sh****, mua hÃ ng ráº¥t tinh tÆ°á»Ÿng nhÆ°ng dáº¡o gáº§n Ä‘Ã¢y cÃ¡i uy tÃ­nh Ä‘Ã³ Ä‘Ã£ ngÃ y má»™t lÃ m ngta sá»£ hÃ£i.Sh**** tá»• chá»©c sÄƒn sale nhÆ°ng khi ngÆ°á»i ta sÄƒn giáº£m Ä‘Æ°á»£c thÃ¬ láº¡i há»§y Ä‘Æ¡n, má»™t láº§n mÃ¬nh Ä‘Ã£ k lÃªn Ä‘Ã¡nh giÃ¡, nhÆ°ng nÃ³ Ä‘Ã£ láº·p láº¡i láº§n thá»© 2 thá»© 3, quÃ¡ tam ba báº­n thÃ´i chá»©, tá»• chá»©c sÄƒn sale...BÃ i Ä‘Ã¡nh giÃ¡ Ä‘áº§y Ä‘á»§"
Diep Pham,"31 thÃ¡ng 12, 2021",4,"Lá»«a Ä‘áº£o, Äƒn cháº·n mÃ£ cá»§a khÃ¡ch hÃ ng"
HuÌ€ng NguyÃªÌƒn,"1 thÃ¡ng 1, 2022",5,GiÃ¡ giao hÃ ng cao so vá»›i tiá»n mÃ  sop Ä‘á» ra ğŸ˜…ğŸ˜…ğŸ˜…
duc luat Nguyen,"1 thÃ¡ng 1, 2022",5,"App dÃ¹ng khÃ¡ tá»‘t, bá»‹ Ä‘Æ¡ hÆ¡i nhiá»u"
duc luat Nguyen,"6 thÃ¡ng 1, 2022",5,HÃ ng mua vá» lá»—i khÃ´ng tráº£ Ä‘Æ°á»£c !
Ti Pa,"7 thÃ¡ng 1, 2022",5,Sh**** toÃ n hÃ ng cháº¥t lÆ°á»£ng! Giao hÃ ng nhanh
Ti Pa,"2 thÃ¡ng 1, 2022",5,Em xl vÃ¬ Ä‘Ã£ ko tÃ´n trá»ng ah hay Ä‘Ã¡nh máº¯ng klkkkkllkğŸ¤£ğŸ¤£ğŸ¤£ğŸ¤£
Htler Hmok,"3 thÃ¡ng 1, 2022",5,"Lá»—i vÃ o nhÃ³m láº¯c xu, sá»‘ gÃ¬ Ä‘Ã¢y"
DÆ°Æ¡ng nguyá»…n,"3 thÃ¡ng 1, 2022",1,mÃ¬nh cÃ³ 70.000 xu mÃ  h trá»« máº¥t cÃ²n 11.000 xu
DÆ°Æ¡ng nguyá»…n,"3 thÃ¡ng 1, 2022",1,Tuyá»‡t dá»i quoÃ¡ğŸ˜»
Coi HoÃ ng,"1 thÃ¡ng 1, 2022",5,"Ä‘áº¹p , xinh Ä‘á»™ng"
Tri Dien,"3 thÃ¡ng 1, 2022",1,Sh**** Express giao hÃ ng siÃªu tháº£m há»a
Van GiauTV_Nrsv1,"3 thÃ¡ng 1, 2022",1,Ko Ä‘Äƒng nháº­p Ä‘c hÃ ng giao lÃ¢u
Van GiauTV_Nrsv1,"31 thÃ¡ng 12, 2021",2,Ko chá»n Ä‘c Ä‘Æ¡n vá»‹ váº­n chuyá»ƒn
Tyna Pháº¡m,"31 thÃ¡ng 12, 2021",3,Ráº¥t Æ°ng Ã½ khi sá»­ dá»¥ng Sh****
Tyna Pháº¡m,"6 thÃ¡ng 1, 2022",1,CÃ ng ngÃ y giao hÃ ng ráº¥t lÃ¢u luÃ´n
HÆ°ng Gia,"2 thÃ¡ng 1, 2022",5,Ráº¥t tiá»‡n lá»£i giao hÃ ng nhanh chÃ³ng
Kim Anh Kiá»u,"2 thÃ¡ng 1, 2022",5,Quáº£ng cÃ¡o trÃªn app khÃ¡c láº¯m vcl
Kim Anh Kiá»u,"2 thÃ¡ng 1, 2022",3,Mua Ä‘á»“ cÃ²n hÆ¡n thua tÃ i xá»‰u
TUáº¤N NGUYá»„N,"2 thÃ¡ng 1, 2022",1,Ráº¥t tá»‘t nghÃ¨o cx mua Ä‘á»“ Ä‘c
TUáº¤N NGUYá»„N,"4 thÃ¡ng 1, 2022",5,Tá»‘t nha mn nÃªn táº£i vá» mua
33 Danh Thá»‹ Kim ThÃ¹y,"4 thÃ¡ng 1, 2022",5,SÃ n TMDT mÃ  mÃ¬nh tin dÃ¹ng nháº¥t
33 Danh Thá»‹ Kim ThÃ¹y,"3 thÃ¡ng 1, 2022",1,Mua hÃ ng cx á»•n nÃªn táº£i nha
Gia Khoa Pháº¡m,"5 thÃ¡ng 1, 2022",3,Dáº¡o nÃ y á»©ng dá»¥ng Ä‘Æ¡ tháº­m tá»‡
vizutbuan buan,"4 thÃ¡ng 1, 2022",5,Cho vouchers mÃ  ko Ã¡p dá»¥ng Ä‘c
Äá»©c Anh Tráº§n,"1 thÃ¡ng 1, 2022",5,QUÃ Tá»† TOÃ€N NGÃ‚M HÃ€NG Cá»¦A KHÃCH
Äáº¡t LÃª VÄƒn,"2 thÃ¡ng 1, 2022",3,Giao diá»‡n thÃ¢n thiá»‡n dá»… thao tÃ¡c
Äáº¡t LÃª VÄƒn,"31 thÃ¡ng 12, 2021",5,Lá»—i nháº­p sÄ‘t Ä‘áº·t hÃ ng ko Ä‘c
Má»¹ Vy,"4 thÃ¡ng 1, 2022",1,Giao ráº¥t nhanh Ä‘Ã£ váº­y uy tÃ­n
Vii,"4 thÃ¡ng 1, 2022",5,á»¨ng dá»¥ng tuyá»‡t vá»›i nÃªn táº£i nha
Vii,"1 thÃ¡ng 1, 2022",5,á»¨ng dá»¥ng tiá»‡n lá»£i vÃ  thÃº vá»‹
Thu Hiá»n Nguyá»…n,"3 thÃ¡ng 1, 2022",5,NÃ³ ráº¥t cÃ³ Ã­ch Ä‘Ã´i vá»›i tÃ´i
06. VÄƒn Huy 8/8,"3 thÃ¡ng 1, 2022",5,Giao hÃ ng nhanh VÃ  Ã¡o ráº¥t Ä‘áº¹p
06. VÄƒn Huy 8/8,"4 thÃ¡ng 1, 2022",4,Dáº¡o nÃ y phÃ­ ship quÃ¡ máº¯c haizz
Linh LÃª,"1 thÃ¡ng 1, 2022",1,Tiá»‡n lá»£i cho ngÆ°á»i sá»­ dá»¥ng djdkkdkdkdkdkkdkdkdkkdkdkdkkdkdkdkkdkdkdkdkdkdkkdkdkdkdkkdkdkdk
Thá»‹ HÆ°Æ¡ng LÆ°Æ¡ng,"1 thÃ¡ng 1, 2022",3,Nhiá»u mÃ³n cáº£m tháº¥y khÃ´ng hÃ i lÃ²ng
Thá»‹ HÆ°Æ¡ng LÆ°Æ¡ng,"31 thÃ¡ng 12, 2021",1,Mk mua Ä‘á»“ cÅ©ng tá»‘t láº¯m nha
Äá»— Gia Thá»‹nh TC Ä‘iá»‡n láº¡nh k21,"31 thÃ¡ng 12, 2021",5,Quáº£ng cÃ¡o láº¯m gÃ¢y cá»±c á»©c cháº¿
Äá»— Gia Thá»‹nh TC Ä‘iá»‡n láº¡nh k21,"2 thÃ¡ng 1, 2022",2,LÃ¢u lÃ¢u sÄƒn sale cháº¿t mÃª nuÃ´nnn
Kiá»u Má»¹,"6 thÃ¡ng 1, 2022",5,Má»“i Ä‘Ã´ng láº¡nh cÃ¢u rÃ´ ráº¥t nháº¡y
Thuáº­n Nguyá»…n thá»‹,"6 thÃ¡ng 1, 2022",5,Giao hÃ ng cháº­m vÃ  ko Ä‘Ãºng máº«u
Háº­u Nguyá»…n Thá»‹,"5 thÃ¡ng 1, 2022",5,KhÃ³ trong viá»‡c xÃ¡c minh tÃ i khoáº£n
LÃª QUá»²NH ANH,"5 thÃ¡ng 1, 2022",5,Sh**** thÃ¬ khá»i Ä‘Ã¡nh giÃ¡ cuÌƒn biáº¿t
Tien Nguyen thi,"5 thÃ¡ng 1, 2022",5,S mk Ä‘áº·t hÃ ng kh Ä‘c váº­y
Tien Nguyen thi,"6 thÃ¡ng 1, 2022",3,App lÃ m Äƒn khÃ´ng tá»‘t hÃ ng giáº£
LÃª Thá»‹ Yáº¿n Ngá»c 10-12-03,"5 thÃ¡ng 1, 2022",5,Ã©o lm gÃ¬ cÅ©ng bá»‹ khÃ³a nick
Hoan Hoan,"6 thÃ¡ng 1, 2022",3,NÃ³ mang láº¡i ráº¥t nhiá»u hiá»‡u quáº£
Hoan Hoan,"7 thÃ¡ng 1, 2022",5,LiÃªn há»‡ hoÃ n tráº£ hÃ ng khÃ´ng Ä‘Æ°Æ¡c
Hoa Dinh,"8 thÃ¡ng 1, 2022",1,Nhiá»u mÃ£ freeship nÃªn thÃ­ch láº¯m áº¡
ThÃ¹yâ€¢ â€¢,"8 thÃ¡ng 1, 2022",5,GÃ¬ cÅ©ng cÃ³ mua háº¿t á»Ÿ Sh****!
Háº¡ Minh,"7 thÃ¡ng 1, 2022",5,ThÃ­c thÃ¬ thÃ­c tháº­t nma tá»‘n tiá»n láº¯m áº¡:)
Äá»©c HÃ  vÄƒn,"7 thÃ¡ng 1, 2022",3,TÃ´i ráº¥t thÃ­ch soppe nÃ³ tiá»‡n tháº­t ğŸ˜Š
Äá»©c HÃ  vÄƒn,"8 thÃ¡ng 1, 2022",3,TÃ o lao mÃ­a lao mÃ­a lao Hic sa nÃ´ sa mÃª lao mÃª lÃ o mÃª lÃ o
ThÆ° Nguyá»…n,"7 thÃ¡ng 1, 2022",5,"Shoppe ráº¥t tuyá»‡t â¤ï¸ dÃ¹ cÃ³ sÃ i app nÃ o r thÃ¬ cÅ©ng pháº£i xoÃ¡ Ä‘i mÃ  táº£i shoppe . Shoppe Æ¡i mÃ¬nh cÃ³ 1 váº¥n Ä‘á» vá»›i bÃªn váº­n chuyá»ƒn lÃ  Ä‘Ã£ lÃ m shipper láº¡i cÃ²n tiáº¿c tiá»n gá»i cho khÃ¡ch ğŸ™ƒ cÃ³ nhá»¯ng Ä‘Æ¡n vá»‹ nhÆ° nijavan thÃ¬ gá»i cho khÃ¡ch 5,6 cuá»™c liá»n ráº¥t lÃ  tá»‘t vÃ  ngÆ°á»£c láº¡i bÃªn best experss gá»i Ä‘Ãºng 1 cuá»™c"
vi vi cuong,"9 thÃ¡ng 1, 2022",1,App nhÆ° ct Ä‘áº·t r láº¡i há»§y ht.
PhÆ°Æ¡ng Nguyá»…n lá»‡ mai,"9 thÃ¡ng 1, 2022",1,"Tiá»‡n dá»¥ng , ráº»"
PhÆ°Æ¡ng Nguyá»…n lá»‡ mai,"7 thÃ¡ng 1, 2022",1,má»—i láº§n dÃ´ lÃ  bá»‹ lag Ä‘á»©ng mÃ n hÃ¬nh :)
NghÄ©a Há»¯u,"8 thÃ¡ng 1, 2022",5,Báº£o ko máº¥t tiá»n ship hÃ³a ra máº¥t
Kim Thien,"8 thÃ¡ng 1, 2022",1,á»¨ng dá»¥ng ráº¥t hay vÃ  ráº¥t tiá»‡n lá»£i
Kim Thien,"9 thÃ¡ng 1, 2022",5,Ráº¥t tá»‘t pháº£i nÃ³i lÃ  cá»±c kÃ¬ tá»‘t
VÃ¢n LÃª Thá»‹,"9 thÃ¡ng 1, 2022",5,ÄÆ¡n Ä‘áº§u tiÃªn ko dÃ¹ng mÃ£ voucher dÃ nh cho ngÆ°á»i má»›i Ä‘c mÃ  dÃ¹ng mÃ£ khÃ¡c váº«n Ä‘c??????
VÃ¢n LÃª Thá»‹,"6 thÃ¡ng 1, 2022",5,á»¨ng dá»¥ng tiá»‡n lá»£i há»¯u Ã­ch.Ä‘Ã¡ng tráº£i nghiá»‡m
park mochi,"8 thÃ¡ng 1, 2022",5,Táº¿t vui váº» ChÃºc Má»«ng NÄƒm má»›i vui váº»
Winnie LÃª,"9 thÃ¡ng 1, 2022",5,Like. MiÌ€nh rÃ¢Ìt haÌ€i loÌ€ng vÆ¡Ìi Sh****
Winnie LÃª,"3 thÃ¡ng 1, 2022",5,"á»¨ng dá»¥ng mua bÃ¡n tá»‘t, lá»£i cho ngÆ°á»i mua, tá»‘t cho ngÆ°á»i bÃ¡n"
Nguyá»…n Thá»‹ Thanh Mai,"2 thÃ¡ng 1, 2022",1,"PhiÃªn báº£n 2.81.30 cháº­m, Ä‘Æ¡ , lag, hay bá»‹ dá»«ng á»©ng dá»¥ng Ä‘á»™t ngá»™t...."
Huy Nhat,"2 thÃ¡ng 1, 2022",5,á»¨ng dá»¥ng tá»‘t .giÃ¡ ok
Huy Nhat,"3 thÃ¡ng 1, 2022",1,Sh****: mua hÃ ng yiÃªn lá»£i vÃ  an toÃ n
Thanh NhÃ¬u,"5 thÃ¡ng 1, 2022",1,Mua hÃ ng Ä‘Ãºng sáº£n pháº©m.giÃ¡ cáº£ há»£p lÃ½
